Workbook

Sheet Обложка
A1: Модуль 3. Excel — рабочий инструмент финансиста
A3: Рабочая тетрадь для практических заданий курса «Финансовый аналитик».
A5: Как устроена тетрадь:
A6: Данные_продажи | B6: исходные данные — 90 заказов; «Категория» и «Цена» посчитаны формулами (урок 3.2)
A7: Справочник_товаров | B7: цены и категории по коду товара — на него ссылаются формулы
A8: Задание 1. Отчёт | B8: постройте сводную таблицу и сверьте с готовой SUMIFS-таблицей (уроки 3.3–3.4, 3.9)
A9: Задание 2. Дашборд | B9: постройте график «по месяцам» рядом с готовым «по регионам» (урок 3.9)
A10: Excel-спринт | B10: впишите формулы в жёлтые ячейки на время (урок 3.10)
A11: Ключ_Спринт | B11: готовые формулы — сверить логику и результат после спринта
A13: Цветовой код (принят в финансовом моделировании, урок 3.2):
A14: синий текст — введено руками
A15: чёрный текст — формула в пределах листа
A16: зелёный текст — формула, ссылающаяся на другой лист
A17: жёлтая заливка — ячейка, которую нужно заполнить самостоятельно

Sheet Справочник_товаров
A1: Код товара | B1: Категория | C1: Цена, ₽
A2: TV-01 | B2: Электроника | C2: 42990
A3: PH-02 | B3: Электроника | C3: 68990
A4: NB-03 | B4: Электроника | C4: 89990
A5: VC-04 | B5: Бытовая техника | C5: 15990
A6: MW-05 | B6: Бытовая техника | C6: 9990
A7: KT-06 | B7: Бытовая техника | C7: 3490
A8: CH-07 | B8: Мебель | C8: 12990
A9: TB-08 | B9: Мебель | C9: 24990
A10: HP-09 | B10: Аксессуары | C10: 2990
A11: BG-10 | B11: Аксессуары | C11: 1490
A13: Синим — исходные данные справочника (вводятся руками).

Sheet Данные_продажи
A1: № заказа | B1: Дата | C1: Регион | D1: Менеджер | E1: Код товара | F1: Категория | G1: Цена, ₽ | H1: Кол-во | I1: Сумма, ₽
A2: 1000 | B2: 2024-01-21 | C2: Москва | D2: Иванов | E2: MW-05 | F2: =INDEX(Справочник_товаров!$B$2:$B$11,MATCH(E2,Справочник_товаров!$A$2:$A$11,0)) -> Бытовая техника | G2: =INDEX(Справочник_товаров!$C$2:$C$11,MATCH(E2,Справочник_товаров!$A$2:$A$11,0)) -> 9990 | H2: 2 | I2: =G2*H2 -> 19980
A3: 1001 | B3: 2024-02-08 | C3: Санкт-Петербург | D3: Иванов | E3: HP-09 | F3: =INDEX(Справочник_товаров!$B$2:$B$11,MATCH(E3,Справочник_товаров!$A$2:$A$11,0)) -> Аксессуары | G3: =INDEX(Справочник_товаров!$C$2:$C$11,MATCH(E3,Справочник_товаров!$A$2:$A$11,0)) -> 2990 | H3: 1 | I3: =G3*H3 -> 2990
A4: 1002 | B4: 2024-03-19 | C4: Казань | D4: Иванов | E4: TV-01 | F4: =INDEX(Справочник_товаров!$B$2:$B$11,MATCH(E4,Справочник_товаров!$A$2:$A$11,0)) -> Электроника | G4: =INDEX(Справочник_товаров!$C$2:$C$11,MATCH(E4,Справочник_товаров!$A$2:$A$11,0)) -> 42990 | H4: 1 | I4: =G4*H4 -> 42990
A5: 1003 | B5: 2024-04-07 | C5: Санкт-Петербург | D5: Иванов | E5: HP-09 | F5: =INDEX(Справочник_товаров!$B$2:$B$11,MATCH(E5,Справочник_товаров!$A$2:$A$11,0)) -> Аксессуары | G5: =INDEX(Справочник_товаров!$C$2:$C$11,MATCH(E5,Справочник_товаров!$A$2:$A$11,0)) -> 2990 | H5: 2 | I5: =G5*H5 -> 5980
A6: 1004 | B6: 2024-05-23 | C6: Казань | D6: Петрова | E6: TB-08 | F6: =INDEX(Справочник_товаров!$B$2:$B$11,MATCH(E6,Справочник_товаров!$A$2:$A$11,0)) -> Мебель | G6: =INDEX(Справочник_товаров!$C$2:$C$11,MATCH(E6,Справочник_товаров!$A$2:$A$11,0)) -> 24990 | H6: 5 | I6: =G6*H6 -> 124950
A7: 1005 | B7: 2024-06-09 | C7: Москва | D7: Петрова | E7: CH-07 | F7: =INDEX(Справочник_товаров!$B$2:$B$11,MATCH(E7,Справочник_товаров!$A$2:$A$11,0)) -> Мебель | G7: =INDEX(Справочник_товаров!$C$2:$C$11,MATCH(E7,Справочник_товаров!$A$2:$A$11,0)) -> 12990 | H7: 3 | I7: =G7*H7 -> 38970
A8: 1006 | B8: 2024-07-09 | C8: Санкт-Петербург | D8: Петрова | E8: KT-06 | F8: =INDEX(Справочник_товаров!$B$2:$B$11,MATCH(E8,Справочник_товаров!$A$2:$A$11,0)) -> Бытовая техника | G8: =INDEX(Справочник_товаров!$C$2:$C$11,MATCH(E8,Справочник_товаров!$A$2:$A$11,0)) -> 3490 | H8: 1 | I8: =G8*H8 -> 3490
A9: 1007 | B9: 2024-08-03 | C9: Казань | D9: Иванов | E9: KT-06 | F9: =INDEX(Справочник_товаров!$B$2:$B$11,MATCH(E9,Справочник_товаров!$A$2:$A$11,0)) -> Бытовая техника | G9: =INDEX(Справочник_товаров!$C$2:$C$11,MATCH(E9,Справочник_товаров!$A$2:$A$11,0)) -> 3490 | H9: 3 | I9: =G9*H9 -> 10470
A10: 1008 | B10: 2024-09-20 | C10: Новосибирск | D10: Иванов | E10: TB-08 | F10: =INDEX(Справочник_товаров!$B$2:$B$11,MATCH(E10,Справочник_товаров!$A$2:$A$11,0)) -> Мебель | G10: =INDEX(Справочник_товаров!$C$2:$C$11,MATCH(E10,Справочник_товаров!$A$2:$A$11,0)) -> 24990 | H10: 5 | I10: =G10*H10 -> 124950
A11: 1009 | B11: 2024-10-04 | C11: Казань | D11: Иванов | E11: HP-09 | F11: =INDEX(Справочник_товаров!$B$2:$B$11,MATCH(E11,Справочник_товаров!$A$2:$A$11,0)) -> Аксессуары | G11: =INDEX(Справочник_товаров!$C$2:$C$11,MATCH(E11,Справочник_товаров!$A$2:$A$11,0)) -> 2990 | H11: 3 | I11: =G11*H11 -> 8970
A12: 1010 | B12: 2024-11-27 | C12: Новосибирск | D12: Петрова | E12: PH-02 | F12: =INDEX(Справочник_товаров!$B$2:$B$11,MATCH(E12,Справочник_товаров!$A$2:$A$11,0)) -> Электроника | G12: =INDEX(Справочник_товаров!$C$2:$C$11,MATCH(E12,Справочник_товаров!$A$2:$A$11,0)) -> 68990 | H12: 1 | I12: =G12*H12 -> 68990
A13: 1011 | B13: 2024-12-22 | C13: Санкт-Петербург | D13: Сидоров | E13: PH-02 | F13: =INDEX(Справочник_товаров!$B$2:$B$11,MATCH(E13,Справочник_товаров!$A$2:$A$11,0)) -> Электроника | G13: =INDEX(Справочник_товаров!$C$2:$C$11,MATCH(E13,Справочник_товаров!$A$2:$A$11,0)) -> 68990 | H13: 2 | I13: =G13*H13 -> 137980
... A91: 1089 | B91: 2024-06-26 | C91: Санкт-Петербург | D91: Сидоров | E91: CH-07 | F91: =INDEX(Справочник_товаров!$B$2:$B$11,MATCH(E91,Справочник_товаров!$A$2:$A$11,0)) -> Мебель | G91: =INDEX(Справочник_товаров!$C$2:$C$11,MATCH(E91,Справочник_товаров!$A$2:$A$11,0)) -> 12990 | H91: 1 | I91: =G91*H91 -> 12990
A93: Синим — введено руками. Зелёным — формула со ссылкой на лист «Справочник_товаров» (ИНДЕКС+ПОИСКПОЗ, урок 3.2). Чёрным — обычная формула («Сумма» = «Цена» × «Кол-во»).

Sheet Задание 1. Отчёт
A1: Задание 1. Сводная таблица «регионы × категории»
A3: Постройте здесь сводную таблицу по листу «Данные_продажи»: строки — Регион, столбцы — Категория, значения — сумма по полю «Сумма, ₽» (Вставка → Сводная таблица → диапазон Данные_продажи!A1:I91).
A5: Ваша сводная таблица
A6: Регион \ Категория | B6: Электроника | C6: Бытовая техника | D6: Мебель | E6: Аксессуары
A7: Москва
A8: Санкт-Петербург
A9: Новосибирск
A10: Казань
A12: Готовая SUMIFS-таблица (для сверки)
A13: Регион \ Категория | B13: Электроника | C13: Бытовая техника | D13: Мебель | E13: Аксессуары
A14: Москва | B14: =SUMIFS(Данные_продажи!$I$2:$I$91,Данные_продажи!$C$2:$C$91,$A14,Данные_продажи!$F$2:$F$91,B$13) -> 738850 | C14: =SUMIFS(Данные_продажи!$I$2:$I$91,Данные_продажи!$C$2:$C$91,$A14,Данные_продажи!$F$2:$F$91,C$13) -> 127340 | D14: =SUMIFS(Данные_продажи!$I$2:$I$91,Данные_продажи!$C$2:$C$91,$A14,Данные_продажи!$F$2:$F$91,D$13) -> 142890 | E14: =SUMIFS(Данные_продажи!$I$2:$I$91,Данные_продажи!$C$2:$C$91,$A14,Данные_продажи!$F$2:$F$91,E$13) -> 13440
A15: Санкт-Петербург | B15: =SUMIFS(Данные_продажи!$I$2:$I$91,Данные_продажи!$C$2:$C$91,$A15,Данные_продажи!$F$2:$F$91,B$13) -> 1388780 | C15: =SUMIFS(Данные_продажи!$I$2:$I$91,Данные_продажи!$C$2:$C$91,$A15,Данные_продажи!$F$2:$F$91,C$13) -> 226730 | D15: =SUMIFS(Данные_продажи!$I$2:$I$91,Данные_продажи!$C$2:$C$91,$A15,Данные_продажи!$F$2:$F$91,D$13) -> 214890 | E15: =SUMIFS(Данные_продажи!$I$2:$I$91,Данные_продажи!$C$2:$C$91,$A15,Данные_продажи!$F$2:$F$91,E$13) -> 37330
A16: Новосибирск | B16: =SUMIFS(Данные_продажи!$I$2:$I$91,Данные_продажи!$C$2:$C$91,$A16,Данные_продажи!$F$2:$F$91,B$13) -> 1967700 | C16: =SUMIFS(Данные_продажи!$I$2:$I$91,Данные_продажи!$C$2:$C$91,$A16,Данные_продажи!$F$2:$F$91,C$13) -> 212770 | D16: =SUMIFS(Данные_продажи!$I$2:$I$91,Данные_продажи!$C$2:$C$91,$A16,Данные_продажи!$F$2:$F$91,D$13) -> 124950 | E16: =SUMIFS(Данные_продажи!$I$2:$I$91,Данные_продажи!$C$2:$C$91,$A16,Данные_продажи!$F$2:$F$91,E$13) -> 28350
A17: Казань | B17: =SUMIFS(Данные_продажи!$I$2:$I$91,Данные_продажи!$C$2:$C$91,$A17,Данные_продажи!$F$2:$F$91,B$13) -> 679900 | C17: =SUMIFS(Данные_продажи!$I$2:$I$91,Данные_продажи!$C$2:$C$91,$A17,Данные_продажи!$F$2:$F$91,C$13) -> 158320 | D17: =SUMIFS(Данные_продажи!$I$2:$I$91,Данные_продажи!$C$2:$C$91,$A17,Данные_продажи!$F$2:$F$91,D$13) -> 279840 | E17: =SUMIFS(Данные_продажи!$I$2:$I$91,Данные_продажи!$C$2:$C$91,$A17,Данные_продажи!$F$2:$F$91,E$13) -> 23920
A19: Числа в вашей сводной должны совпасть с готовой SUMIFS-таблицей выше. Если нет — где-то в сводной перепутаны поля строк/столбцов/значений.

Sheet Задание 2. Дашборд
A1: Задание 2. Графики
A3: Выручка по регионам (готово)
A4: Регион | B4: Выручка, ₽
A5: Москва | B5: =SUMIFS(Данные_продажи!$I$2:$I$91,Данные_продажи!$C$2:$C$91,A5) -> 1022520
A6: Санкт-Петербург | B6: =SUMIFS(Данные_продажи!$I$2:$I$91,Данные_продажи!$C$2:$C$91,A6) -> 1867730
A7: Новосибирск | B7: =SUMIFS(Данные_продажи!$I$2:$I$91,Данные_продажи!$C$2:$C$91,A7) -> 2333770
A8: Казань | B8: =SUMIFS(Данные_продажи!$I$2:$I$91,Данные_продажи!$C$2:$C$91,A8) -> 1141980
A21: Выручка по месяцам (данные готовы — постройте график) | D21: ← сюда вставьте график
A22: Месяц | B22: Выручка, ₽
A23: Янв | B23: =SUMPRODUCT((MONTH(Данные_продажи!$B$2:$B$91)=1)*Данные_продажи!$I$2:$I$91) -> 479850
A24: Фев | B24: =SUMPRODUCT((MONTH(Данные_продажи!$B$2:$B$91)=2)*Данные_продажи!$I$2:$I$91) -> 308760
A25: Мар | B25: =SUMPRODUCT((MONTH(Данные_продажи!$B$2:$B$91)=3)*Данные_продажи!$I$2:$I$91) -> 335860
A26: Апр | B26: =SUMPRODUCT((MONTH(Данные_продажи!$B$2:$B$91)=4)*Данные_продажи!$I$2:$I$91) -> 165830
A27: Май | B27: =SUMPRODUCT((MONTH(Данные_продажи!$B$2:$B$91)=5)*Данные_продажи!$I$2:$I$91) -> 1303220
A28: Июн | B28: =SUMPRODUCT((MONTH(Данные_продажи!$B$2:$B$91)=6)*Данные_продажи!$I$2:$I$91) -> 207760
A29: Июл | B29: =SUMPRODUCT((MONTH(Данные_продажи!$B$2:$B$91)=7)*Данные_продажи!$I$2:$I$91) -> 457830
A30: Авг | B30: =SUMPRODUCT((MONTH(Данные_продажи!$B$2:$B$91)=8)*Данные_продажи!$I$2:$I$91) -> 184810
A31: Сен | B31: =SUMPRODUCT((MONTH(Данные_продажи!$B$2:$B$91)=9)*Данные_продажи!$I$2:$I$91) -> 532250
A32: Окт | B32: =SUMPRODUCT((MONTH(Данные_продажи!$B$2:$B$91)=10)*Данные_продажи!$I$2:$I$91) -> 734240
A33: Ноя | B33: =SUMPRODUCT((MONTH(Данные_продажи!$B$2:$B$91)=11)*Данные_продажи!$I$2:$I$91) -> 560830
A34: Дек | B34: =SUMPRODUCT((MONTH(Данные_продажи!$B$2:$B$91)=12)*Данные_продажи!$I$2:$I$91) -> 1094760
A35: Постройте здесь график «Выручка по месяцам» (Вставка → Диаграмма) по таблице выше — по образцу готового графика «Выручка по регионам».

Sheet Excel-спринт
A1: № заказа | B1: Код товара | C1: Кол-во | D1: Цена, ₽ | E1: Сумма, ₽ | F1: Статус заказа | H1: Жёлтым — впишите формулу сами. Цена: ИНДЕКС+ПОИСКПОЗ или ВПР по листу «Справочник_товаров». Сумма = Цена × Кол-во. Статус: «Крупный», если Сумма > 50 000 ₽; «Средний», если Сумма > 10 000 ₽; иначе «Малый» (вложенный ЕСЛИ, урок 3.3).
A2: 2001 | B2: TV-01 | C2: 2 | D2: =INDEX(Справочник_товаров!$C$2:$C$11,MATCH(B2,Справочник_товаров!$A$2:$A$11,0)) -> 42990 | E2: =D2*C2 -> 85980 | F2: =IF(E2>50000,"Крупный",IF(E2>10000,"Средний","Малый")) -> Крупный
A3: 2002 | B3: PH-02 | C3: 1
A4: 2003 | B4: NB-03 | C4: 3
A5: 2004 | B5: VC-04 | C5: 1
A6: 2005 | B6: MW-05 | C6: 4
A7: 2006 | B7: KT-06 | C7: 2
A8: 2007 | B8: CH-07 | C8: 1
A9: 2008 | B9: TB-08 | C9: 5
A10: 2009 | B10: HP-09 | C10: 2
A11: 2010 | B11: BG-10 | C11: 3
A13: Первая строка — образец с готовой формулой.

Sheet Ключ_Спринт
A1: № заказа | B1: Код товара | C1: Кол-во | D1: Цена, ₽ | E1: Сумма, ₽ | F1: Статус заказа | H1: Жёлтым — впишите формулу сами. Цена: ИНДЕКС+ПОИСКПОЗ или ВПР по листу «Справочник_товаров». Сумма = Цена × Кол-во. Статус: «Крупный», если Сумма > 50 000 ₽; «Средний», если Сумма > 10 000 ₽; иначе «Малый» (вложенный ЕСЛИ, урок 3.3).
A2: 2001 | B2: TV-01 | C2: 2 | D2: =INDEX(Справочник_товаров!$C$2:$C$11,MATCH(B2,Справочник_товаров!$A$2:$A$11,0)) -> 42990 | E2: =D2*C2 -> 85980 | F2: =IF(E2>50000,"Крупный",IF(E2>10000,"Средний","Малый")) -> Крупный
A3: 2002 | B3: PH-02 | C3: 1 | D3: =INDEX(Справочник_товаров!$C$2:$C$11,MATCH(B3,Справочник_товаров!$A$2:$A$11,0)) -> 68990 | E3: =D3*C3 -> 68990 | F3: =IF(E3>50000,"Крупный",IF(E3>10000,"Средний","Малый")) -> Крупный
A4: 2003 | B4: NB-03 | C4: 3 | D4: =INDEX(Справочник_товаров!$C$2:$C$11,MATCH(B4,Справочник_товаров!$A$2:$A$11,0)) -> 89990 | E4: =D4*C4 -> 269970 | F4: =IF(E4>50000,"Крупный",IF(E4>10000,"Средний","Малый")) -> Крупный
A5: 2004 | B5: VC-04 | C5: 1 | D5: =INDEX(Справочник_товаров!$C$2:$C$11,MATCH(B5,Справочник_товаров!$A$2:$A$11,0)) -> 15990 | E5: =D5*C5 -> 15990 | F5: =IF(E5>50000,"Крупный",IF(E5>10000,"Средний","Малый")) -> Средний
A6: 2005 | B6: MW-05 | C6: 4 | D6: =INDEX(Справочник_товаров!$C$2:$C$11,MATCH(B6,Справочник_товаров!$A$2:$A$11,0)) -> 9990 | E6: =D6*C6 -> 39960 | F6: =IF(E6>50000,"Крупный",IF(E6>10000,"Средний","Малый")) -> Средний
A7: 2006 | B7: KT-06 | C7: 2 | D7: =INDEX(Справочник_товаров!$C$2:$C$11,MATCH(B7,Справочник_товаров!$A$2:$A$11,0)) -> 3490 | E7: =D7*C7 -> 6980 | F7: =IF(E7>50000,"Крупный",IF(E7>10000,"Средний","Малый")) -> Малый
A8: 2007 | B8: CH-07 | C8: 1 | D8: =INDEX(Справочник_товаров!$C$2:$C$11,MATCH(B8,Справочник_товаров!$A$2:$A$11,0)) -> 12990 | E8: =D8*C8 -> 12990 | F8: =IF(E8>50000,"Крупный",IF(E8>10000,"Средний","Малый")) -> Средний
A9: 2008 | B9: TB-08 | C9: 5 | D9: =INDEX(Справочник_товаров!$C$2:$C$11,MATCH(B9,Справочник_товаров!$A$2:$A$11,0)) -> 24990 | E9: =D9*C9 -> 124950 | F9: =IF(E9>50000,"Крупный",IF(E9>10000,"Средний","Малый")) -> Крупный
A10: 2009 | B10: HP-09 | C10: 2 | D10: =INDEX(Справочник_товаров!$C$2:$C$11,MATCH(B10,Справочник_товаров!$A$2:$A$11,0)) -> 2990 | E10: =D10*C10 -> 5980 | F10: =IF(E10>50000,"Крупный",IF(E10>10000,"Средний","Малый")) -> Малый
A11: 2010 | B11: BG-10 | C11: 3 | D11: =INDEX(Справочник_товаров!$C$2:$C$11,MATCH(B11,Справочник_товаров!$A$2:$A$11,0)) -> 1490 | E11: =D11*C11 -> 4470 | F11: =IF(E11>50000,"Крупный",IF(E11>10000,"Средний","Малый")) -> Малый
A13: Лист-ответ для самопроверки: формулы уже посчитаны.
